-- ============================================================
-- 시드 데이터 — 문구 도매 통합 관리 시스템
-- ============================================================

-- 사업자 3개
INSERT INTO businesses (id, name, business_no, owner_name, phone, email, address, sort_order) VALUES
  ('11111111-0000-0000-0000-000000000001', '본점',   '101-01-00001', '김대표', '02-1234-5678', 'main@wholesale.kr',   '서울시 강북구 미아동 1-1', 1),
  ('11111111-0000-0000-0000-000000000002', '강남점', '101-01-00002', '이점장', '02-2345-6789', 'gangnam@wholesale.kr','서울시 강남구 역삼동 100-2', 2),
  ('11111111-0000-0000-0000-000000000003', '온라인', '101-01-00003', '박팀장', '02-3456-7890', 'online@wholesale.kr', '서울시 마포구 상암동 200-3', 3)
ON CONFLICT DO NOTHING;

-- 채널 4개
INSERT INTO channels (id, name, commission_rate, payment_fee_rate, shipping_fee, sort_order) VALUES
  ('22222222-0000-0000-0000-000000000001', '네이버 스마트스토어', 5.00, 1.50, 2500, 1),
  ('22222222-0000-0000-0000-000000000002', '쿠팡',               8.00, 1.50, 2500, 2),
  ('22222222-0000-0000-0000-000000000003', '오프라인',           0.00, 0.00,    0, 3),
  ('22222222-0000-0000-0000-000000000004', '자사몰',             2.00, 1.20, 3000, 4)
ON CONFLICT DO NOTHING;

-- 창고 3개 (사업자별 1개)
INSERT INTO warehouses (id, business_id, name, address) VALUES
  ('33333333-0000-0000-0000-000000000001', '11111111-0000-0000-0000-000000000001', '본점 창고',   '서울시 강북구 미아동 1-1'),
  ('33333333-0000-0000-0000-000000000002', '11111111-0000-0000-0000-000000000002', '강남점 창고', '서울시 강남구 역삼동 100-2'),
  ('33333333-0000-0000-0000-000000000003', '11111111-0000-0000-0000-000000000003', '온라인 창고', '서울시 마포구 상암동 200-3')
ON CONFLICT DO NOTHING;

-- 거래처 15개
INSERT INTO partners (id, name, partner_type, phone, business_no, credit_limit) VALUES
  ('44444444-0000-0000-0000-000000000001', '(주)모나미',         'supplier', '031-123-4001', '201-81-10001', 50000000),
  ('44444444-0000-0000-0000-000000000002', '동아연필',           'supplier', '031-123-4002', '201-81-10002', 30000000),
  ('44444444-0000-0000-0000-000000000003', '알파문구',           'supplier', '031-123-4003', '201-81-10003', 40000000),
  ('44444444-0000-0000-0000-000000000004', '신한문구사',         'supplier', '031-123-4004', '201-81-10004', 20000000),
  ('44444444-0000-0000-0000-000000000005', '바른손',             'supplier', '031-123-4005', '201-81-10005', 25000000),
  ('44444444-0000-0000-0000-000000000006', '서울시교육청',       'customer', '02-111-2001',  '101-83-20001', 100000000),
  ('44444444-0000-0000-0000-000000000007', '강남구청',           'customer', '02-111-2002',  '101-83-20002', 50000000),
  ('44444444-0000-0000-0000-000000000008', '삼성전자(주)',       'customer', '031-200-1234', '130-81-30001', 200000000),
  ('44444444-0000-0000-0000-000000000009', '현대자동차(주)',     'customer', '02-3464-1234', '120-81-30002', 150000000),
  ('44444444-0000-0000-0000-000000000010', '이마트 논현점',     'customer', '02-555-1000',  '201-81-40001', 30000000),
  ('44444444-0000-0000-0000-000000000011', 'GS25 강남점',       'customer', '02-555-2000',  '201-81-40002', 10000000),
  ('44444444-0000-0000-0000-000000000012', '문구나라',           'both',     '02-777-3000',  '201-81-50001', 20000000),
  ('44444444-0000-0000-0000-000000000013', '사무용품마트',       'both',     '02-777-4000',  '201-81-50002', 15000000),
  ('44444444-0000-0000-0000-000000000014', '우리학교문구',       'customer', '031-444-5000', '201-81-40003',  5000000),
  ('44444444-0000-0000-0000-000000000015', '한국학원연합',       'customer', '02-888-6000',  '101-83-20003', 20000000)
ON CONFLICT DO NOTHING;

-- 상품 25개 (본점 기준)
INSERT INTO products (id, business_id, barcode, name, category, unit, buy_price, sell_price, min_stock) VALUES
  ('55555555-0000-0000-0000-000000000001', '11111111-0000-0000-0000-000000000001', '8801023010011', '모나미 볼펜 검정 (12개입)',    '필기구', '박스', 3600,  5500,  50),
  ('55555555-0000-0000-0000-000000000002', '11111111-0000-0000-0000-000000000001', '8801023010012', '모나미 볼펜 파랑 (12개입)',    '필기구', '박스', 3600,  5500,  50),
  ('55555555-0000-0000-0000-000000000003', '11111111-0000-0000-0000-000000000001', '8801023010013', '모나미 볼펜 빨강 (12개입)',    '필기구', '박스', 3600,  5500,  30),
  ('55555555-0000-0000-0000-000000000004', '11111111-0000-0000-0000-000000000001', '8801234020001', '동아 연필 2B (12개입)',        '필기구', '박스', 2400,  3800,  40),
  ('55555555-0000-0000-0000-000000000005', '11111111-0000-0000-0000-000000000001', '8801234020002', '동아 연필 HB (12개입)',        '필기구', '박스', 2400,  3800,  40),
  ('55555555-0000-0000-0000-000000000006', '11111111-0000-0000-0000-000000000001', '8809001030001', 'A4 복사지 80g (500매)',        '용지',   '박스', 12000, 18000, 100),
  ('55555555-0000-0000-0000-000000000007', '11111111-0000-0000-0000-000000000001', '8809001030002', 'A4 복사지 75g (500매)',        '용지',   '박스', 10000, 16000, 100),
  ('55555555-0000-0000-0000-000000000008', '11111111-0000-0000-0000-000000000001', '8809001030003', 'B5 노트 줄지 (100매)',         '노트',   '권',   800,   1500,  200),
  ('55555555-0000-0000-0000-000000000009', '11111111-0000-0000-0000-000000000001', '8809001030004', 'A5 노트 줄지 (100매)',         '노트',   '권',   700,   1300,  150),
  ('55555555-0000-0000-0000-000000000010', '11111111-0000-0000-0000-000000000001', '8809001040001', '2공 바인더 A4',               '바인더', '개',   2500,  4500,  80),
  ('55555555-0000-0000-0000-000000000011', '11111111-0000-0000-0000-000000000001', '8809001040002', '4공 바인더 A4',               '바인더', '개',   3200,  5800,  60),
  ('55555555-0000-0000-0000-000000000012', '11111111-0000-0000-0000-000000000001', '8809002050001', '포스트잇 76x76 (100매)',       '메모',   '개',   900,   1800,  200),
  ('55555555-0000-0000-0000-000000000013', '11111111-0000-0000-0000-000000000001', '8809002050002', '포스트잇 51x38 (100매)',       '메모',   '개',   700,   1400,  200),
  ('55555555-0000-0000-0000-000000000014', '11111111-0000-0000-0000-000000000001', '8809002060001', '30공 클리어파일 A4',          '파일',   '개',   1200,  2200,  100),
  ('55555555-0000-0000-0000-000000000015', '11111111-0000-0000-0000-000000000001', '8809002060002', '20공 클리어파일 B5',          '파일',   '개',   1000,  1900,  80),
  ('55555555-0000-0000-0000-000000000016', '11111111-0000-0000-0000-000000000001', '8809003070001', '스테이플러 소형',             '사무용품','개',  3500,  6500,  50),
  ('55555555-0000-0000-0000-000000000017', '11111111-0000-0000-0000-000000000001', '8809003070002', '스테이플러 침 (1000개입)',    '사무용품','박스', 1500,  2800,  100),
  ('55555555-0000-0000-0000-000000000018', '11111111-0000-0000-0000-000000000001', '8809003080001', '투명테이프 48mm (40m)',       '접착제', '개',   800,   1500,  150),
  ('55555555-0000-0000-0000-000000000019', '11111111-0000-0000-0000-000000000001', '8809003080002', '양면테이프 12mm (10m)',       '접착제', '개',   1200,  2300,  100),
  ('55555555-0000-0000-0000-000000000020', '11111111-0000-0000-0000-000000000001', '8809003080003', '딱풀 40g',                    '접착제', '개',   600,   1200,  200),
  ('55555555-0000-0000-0000-000000000021', '11111111-0000-0000-0000-000000000001', '8809004090001', '형광펜 5색 세트',             '필기구', '세트', 2800,  5000,  80),
  ('55555555-0000-0000-0000-000000000022', '11111111-0000-0000-0000-000000000001', '8809004090002', '사인펜 10색 세트',            '필기구', '세트', 3200,  5800,  60),
  ('55555555-0000-0000-0000-000000000023', '11111111-0000-0000-0000-000000000001', '8809004100001', '칼라 인덱스 5색 (10매)',      '메모',   '팩',   600,   1100,  120),
  ('55555555-0000-0000-0000-000000000024', '11111111-0000-0000-0000-000000000001', '8809004100002', '화이트보드 마커 4색',         '필기구', '세트', 3600,  6500,  40),
  ('55555555-0000-0000-0000-000000000025', '11111111-0000-0000-0000-000000000001', '8809004110001', 'A4 서류봉투 (100매입)',       '용지',   '박스', 8000, 14000,  50)
ON CONFLICT DO NOTHING;

-- 재고 (본점 창고)
INSERT INTO inventory (product_id, business_id, warehouse_id, quantity) VALUES
  ('55555555-0000-0000-0000-000000000001', '11111111-0000-0000-0000-000000000001', '33333333-0000-0000-0000-000000000001', 120),
  ('55555555-0000-0000-0000-000000000002', '11111111-0000-0000-0000-000000000001', '33333333-0000-0000-0000-000000000001', 95),
  ('55555555-0000-0000-0000-000000000003', '11111111-0000-0000-0000-000000000001', '33333333-0000-0000-0000-000000000001', 28),
  ('55555555-0000-0000-0000-000000000004', '11111111-0000-0000-0000-000000000001', '33333333-0000-0000-0000-000000000001', 85),
  ('55555555-0000-0000-0000-000000000005', '11111111-0000-0000-0000-000000000001', '33333333-0000-0000-0000-000000000001', 110),
  ('55555555-0000-0000-0000-000000000006', '11111111-0000-0000-0000-000000000001', '33333333-0000-0000-0000-000000000001', 250),
  ('55555555-0000-0000-0000-000000000007', '11111111-0000-0000-0000-000000000001', '33333333-0000-0000-0000-000000000001', 180),
  ('55555555-0000-0000-0000-000000000008', '11111111-0000-0000-0000-000000000001', '33333333-0000-0000-0000-000000000001', 320),
  ('55555555-0000-0000-0000-000000000009', '11111111-0000-0000-0000-000000000001', '33333333-0000-0000-0000-000000000001', 240),
  ('55555555-0000-0000-0000-000000000010', '11111111-0000-0000-0000-000000000001', '33333333-0000-0000-0000-000000000001', 75),
  ('55555555-0000-0000-0000-000000000011', '11111111-0000-0000-0000-000000000001', '33333333-0000-0000-0000-000000000001', 55),
  ('55555555-0000-0000-0000-000000000012', '11111111-0000-0000-0000-000000000001', '33333333-0000-0000-0000-000000000001', 380),
  ('55555555-0000-0000-0000-000000000013', '11111111-0000-0000-0000-000000000001', '33333333-0000-0000-0000-000000000001', 290),
  ('55555555-0000-0000-0000-000000000014', '11111111-0000-0000-0000-000000000001', '33333333-0000-0000-0000-000000000001', 145),
  ('55555555-0000-0000-0000-000000000015', '11111111-0000-0000-0000-000000000001', '33333333-0000-0000-0000-000000000001', 90),
  ('55555555-0000-0000-0000-000000000016', '11111111-0000-0000-0000-000000000001', '33333333-0000-0000-0000-000000000001', 42),
  ('55555555-0000-0000-0000-000000000017', '11111111-0000-0000-0000-000000000001', '33333333-0000-0000-0000-000000000001', 280),
  ('55555555-0000-0000-0000-000000000018', '11111111-0000-0000-0000-000000000001', '33333333-0000-0000-0000-000000000001', 310),
  ('55555555-0000-0000-0000-000000000019', '11111111-0000-0000-0000-000000000001', '33333333-0000-0000-0000-000000000001', 185),
  ('55555555-0000-0000-0000-000000000020', '11111111-0000-0000-0000-000000000001', '33333333-0000-0000-0000-000000000001', 420),
  ('55555555-0000-0000-0000-000000000021', '11111111-0000-0000-0000-000000000001', '33333333-0000-0000-0000-000000000001', 68),
  ('55555555-0000-0000-0000-000000000022', '11111111-0000-0000-0000-000000000001', '33333333-0000-0000-0000-000000000001', 52),
  ('55555555-0000-0000-0000-000000000023', '11111111-0000-0000-0000-000000000001', '33333333-0000-0000-0000-000000000001', 195),
  ('55555555-0000-0000-0000-000000000024', '11111111-0000-0000-0000-000000000001', '33333333-0000-0000-0000-000000000001', 35),
  ('55555555-0000-0000-0000-000000000025', '11111111-0000-0000-0000-000000000001', '33333333-0000-0000-0000-000000000001', 72)
ON CONFLICT DO NOTHING;

-- authenticated 유저에게 모든 주요 테이블 읽기/쓰기 권한 부여
GRANT SELECT, INSERT, UPDATE, DELETE ON ALL TABLES IN SCHEMA public TO authenticated;
GRANT USAGE ON ALL SEQUENCES IN SCHEMA public TO authenticated;
GRANT EXECUTE ON ALL FUNCTIONS IN SCHEMA public TO authenticated;

-- anon은 읽기만
GRANT SELECT ON ALL TABLES IN SCHEMA public TO anon;
