-- ============================================================
-- 도매 통합 관리 시스템 더미 데이터
-- Supabase SQL Editor에 붙여넣고 실행하세요
-- ============================================================

-- 기존 데이터 초기화 (순서 중요)
truncate table cash_book cascade;
truncate table slip_items cascade;
truncate table slips cascade;
truncate table inventory cascade;
truncate table products cascade;
truncate table partners cascade;
truncate table warehouses cascade;
truncate table channels cascade;
truncate table businesses cascade;

-- UUID 규칙 (모두 유효한 hex 사용)
-- businesses : 00000001-0000-0000-0000-0000000000XX
-- channels   : 00000002-0000-0000-0000-0000000000XX
-- warehouses : 00000003-0000-0000-0000-0000000000XX
-- partners   : 00000004-0000-0000-0000-0000000000XX
-- products   : 00000005-0000-0000-0000-0000000000XX
-- slips      : 00000006-0000-0000-0000-0000000000XX

-- ============================================================
-- 1. 사업자 (3개)
-- ============================================================
insert into businesses (id, name, business_no, owner_name, phone, email, address, sort_order) values
  ('00000001-0000-0000-0000-000000000001', '문구나라 본점',   '123-45-67890', '홍길동', '02-1234-5678', 'main@stationery.kr',   '서울시 중구 을지로 1길 10',     1),
  ('00000001-0000-0000-0000-000000000002', '문구나라 강남점', '234-56-78901', '홍길동', '02-2345-6789', 'gangnam@stationery.kr', '서울시 강남구 테헤란로 50',     2),
  ('00000001-0000-0000-0000-000000000003', '문구나라 온라인', '345-67-89012', '홍길동', '02-3456-7890', 'online@stationery.kr',  '서울시 송파구 올림픽로 300',   3);

-- ============================================================
-- 2. 판매 채널 (4개)
-- ============================================================
insert into channels (id, name, commission_rate, payment_fee_rate, shipping_fee, sort_order) values
  ('00000002-0000-0000-0000-000000000001', '네이버 스마트스토어', 5.85, 3.74, 3000, 1),
  ('00000002-0000-0000-0000-000000000002', '쿠팡',               10.8,  2.5,  2500, 2),
  ('00000002-0000-0000-0000-000000000003', '오프라인 직판',       0,     0,    0,    3),
  ('00000002-0000-0000-0000-000000000004', '자사몰',              2.0,   1.5,  3000, 4);

-- ============================================================
-- 3. 창고 (3개)
-- ============================================================
insert into warehouses (id, business_id, name, address, note) values
  ('00000003-0000-0000-0000-000000000001', '00000001-0000-0000-0000-000000000001', '본점 창고',      '서울시 중구 을지로 1길 10 지하1층',      '메인 창고'),
  ('00000003-0000-0000-0000-000000000002', '00000001-0000-0000-0000-000000000002', '강남 창고',      '서울시 강남구 테헤란로 50 B1',           '강남점 전용'),
  ('00000003-0000-0000-0000-000000000003', '00000001-0000-0000-0000-000000000003', '온라인 물류센터', '경기도 이천시 마장면 청강대로 100',      '온라인 전용');

-- ============================================================
-- 4. 거래처 (17개)
-- ============================================================
insert into partners (id, name, partner_type, phone, email, address, business_no, credit_limit, note) values
  -- 공급사
  ('00000004-0000-0000-0000-000000000001', '모나미 주식회사',  'supplier', '031-500-1234', 'order@monami.com',       '경기도 용인시', '100-81-00001', 50000000, '볼펜 전문'),
  ('00000004-0000-0000-0000-000000000002', '동아연필',         'supplier', '02-3400-5678', 'buy@dong-a.com',         '서울시 강서구', '200-81-00002', 30000000, '필기구 전문'),
  ('00000004-0000-0000-0000-000000000003', '파일론 문구',      'supplier', '032-770-1111', 'supply@filon.co.kr',     '인천시 남동구', '300-81-00003', 20000000, '노트/공책'),
  ('00000004-0000-0000-0000-000000000004', '한국스프링',       'supplier', '031-900-2222', 'info@hkspring.com',      '경기도 안양시', '400-81-00004', 15000000, '바인더/클립'),
  ('00000004-0000-0000-0000-000000000005', '대한지류',         'supplier', '02-2100-3333', 'paper@daehan.com',       '서울시 성동구', '500-81-00005', 40000000, 'A4용지 전문'),
  -- 고객사
  ('00000004-0000-0000-0000-000000000006', '서울초등학교',     'customer', '02-555-1001', null,                      '서울시 마포구', null,           5000000,  '학교 납품'),
  ('00000004-0000-0000-0000-000000000007', '강남중학교',       'customer', '02-555-1002', null,                      '서울시 강남구', null,           3000000,  '학교 납품'),
  ('00000004-0000-0000-0000-000000000008', '삼성전자 구매팀',  'customer', '031-200-0001', 'buy@samsung.com',        '경기도 수원시', '130-81-00100', 10000000, '법인'),
  ('00000004-0000-0000-0000-000000000009', '현대카드',         'customer', '02-3015-0000', 'supply@hyundaicard.com', '서울시 영등포구','220-81-00200', 8000000, '법인'),
  ('00000004-0000-0000-0000-000000000010', '스타벅스코리아',   'customer', '02-751-0000',  'ops@starbucks.co.kr',    '서울시 중구',  '330-81-00300',  5000000, '법인'),
  ('00000004-0000-0000-0000-000000000011', '김철수 (개인)',    'customer', '010-1234-5678', null,                    '서울시 노원구', null,           500000,   '단골'),
  ('00000004-0000-0000-0000-000000000012', '이영희 문구점',    'customer', '02-888-1234',   null,                    '서울시 은평구', '111-22-33444', 2000000,  '소매'),
  ('00000004-0000-0000-0000-000000000013', '박민준 사무실',    'customer', '010-9876-5432', null,                    '경기도 성남시', null,           1000000,  '개인사업자'),
  ('00000004-0000-0000-0000-000000000014', '연세대학교 생협',  'customer', '02-2123-0000',  'coop@yonsei.ac.kr',     '서울시 서대문구','411-82-00111',7000000, '대학 생협'),
  ('00000004-0000-0000-0000-000000000015', '고려대학교 서점',  'customer', '02-3290-0000',  'book@korea.ac.kr',      '서울시 성북구', '412-82-00222', 6000000, '대학 서점'),
  -- 공급사+고객사
  ('00000004-0000-0000-0000-000000000016', '문구왕국',         'both',     '02-777-8888',   'info@munguwang.com',    '서울시 동대문구','600-81-00006',10000000, '도소매 겸업'),
  ('00000004-0000-0000-0000-000000000017', '세종문구',         'both',     '031-600-9999',  'sejong@mungu.co.kr',    '경기도 파주시', '700-81-00007', 8000000, '도소매 겸업');

-- ============================================================
-- 5. 상품 (25개)
-- ============================================================
insert into products (id, business_id, barcode, name, category, unit, buy_price, sell_price, min_stock, is_bundle, note) values
  ('00000005-0000-0000-0000-000000000001', '00000001-0000-0000-0000-000000000001', '8801067012345', '모나미 볼펜 153 (12자루)', '필기구',   '박스', 7200,  9900,  50,  false, '베스트셀러'),
  ('00000005-0000-0000-0000-000000000002', '00000001-0000-0000-0000-000000000001', '8801067023456', '모나미 볼펜 153 (단품)',   '필기구',   '자루', 600,   900,   200, false, null),
  ('00000005-0000-0000-0000-000000000003', '00000001-0000-0000-0000-000000000001', '8801067034567', '동아 샤프 0.5mm',         '필기구',   '자루', 1200,  1800,  100, false, null),
  ('00000005-0000-0000-0000-000000000004', '00000001-0000-0000-0000-000000000001', '8801067045678', '동아 샤프 0.7mm',         '필기구',   '자루', 1200,  1800,  100, false, null),
  ('00000005-0000-0000-0000-000000000005', '00000001-0000-0000-0000-000000000001', '8809123000001', 'A4 복사용지 500매',       '용지',     '묶음', 3800,  5500,  200, false, '80g/m2'),
  ('00000005-0000-0000-0000-000000000006', '00000001-0000-0000-0000-000000000001', '8809123000002', 'A4 복사용지 (박스/5묶음)','용지',     '박스', 18000, 25000, 30,  false, '박스'),
  ('00000005-0000-0000-0000-000000000007', '00000001-0000-0000-0000-000000000002', '8809123000003', '스프링 노트 B5',          '노트',     '권',   1500,  2500,  150, false, '100매'),
  ('00000005-0000-0000-0000-000000000008', '00000001-0000-0000-0000-000000000002', '8809123000004', '스프링 노트 A5',          '노트',     '권',   1200,  2000,  150, false, '80매'),
  ('00000005-0000-0000-0000-000000000009', '00000001-0000-0000-0000-000000000002', '8809123000005', '무선 노트 A4',            '노트',     '권',   2000,  3200,  100, false, '200매'),
  ('00000005-0000-0000-0000-000000000010', '00000001-0000-0000-0000-000000000002', '8809123000006', '포스트잇 75x75mm',        '메모',     '패드', 800,   1500,  200, false, '100매'),
  ('00000005-0000-0000-0000-000000000011', '00000001-0000-0000-0000-000000000003', '8809123000007', '2공 바인더 A4',           '바인더',   '개',   2500,  4000,  80,  false, null),
  ('00000005-0000-0000-0000-000000000012', '00000001-0000-0000-0000-000000000003', '8809123000008', '4공 바인더 A4',           '바인더',   '개',   3500,  5500,  60,  false, null),
  ('00000005-0000-0000-0000-000000000013', '00000001-0000-0000-0000-000000000003', '8809123000009', '클리어파일 20매',         '파일',     '개',   1000,  1800,  120, false, null),
  ('00000005-0000-0000-0000-000000000014', '00000001-0000-0000-0000-000000000003', '8809123000010', '클리어파일 40매',         '파일',     '개',   1800,  3000,  100, false, null),
  ('00000005-0000-0000-0000-000000000015', '00000001-0000-0000-0000-000000000001', '8809123000011', '스테이플러 중형',         '사무용품', '개',   3000,  5500,  40,  false, '26/6 규격'),
  ('00000005-0000-0000-0000-000000000016', '00000001-0000-0000-0000-000000000001', '8809123000012', '스테이플 침 1000개',      '사무용품', '박스', 500,   900,   100, false, null),
  ('00000005-0000-0000-0000-000000000017', '00000001-0000-0000-0000-000000000001', '8809123000013', '가위 사무용 중형',        '사무용품', '개',   1500,  2800,  60,  false, null),
  ('00000005-0000-0000-0000-000000000018', '00000001-0000-0000-0000-000000000002', '8809123000014', '풀 (대형) 55g',           '접착제',   '개',   600,   1200,  150, false, null),
  ('00000005-0000-0000-0000-000000000019', '00000001-0000-0000-0000-000000000002', '8809123000015', '테이프 투명 18mm',        '접착제',   '롤',   300,   600,   200, false, null),
  ('00000005-0000-0000-0000-000000000020', '00000001-0000-0000-0000-000000000002', '8809123000016', '테이프 박스용 48mm',      '접착제',   '롤',   500,   900,   150, false, null),
  ('00000005-0000-0000-0000-000000000021', '00000001-0000-0000-0000-000000000003', '8809123000017', '형광펜 세트 5색',         '필기구',   '세트', 2000,  3500,  80,  false, null),
  ('00000005-0000-0000-0000-000000000022', '00000001-0000-0000-0000-000000000003', '8809123000018', '네임펜 흑색 F',           '필기구',   '자루', 800,   1500,  100, false, null),
  ('00000005-0000-0000-0000-000000000023', '00000001-0000-0000-0000-000000000001', '8809123000019', '수정액',                  '사무용품', '개',   700,   1300,  80,  false, null),
  ('00000005-0000-0000-0000-000000000024', '00000001-0000-0000-0000-000000000001', '8809123000020', '수정테이프 5mm',          '사무용품', '개',   1200,  2200,  80,  false, null),
  ('00000005-0000-0000-0000-000000000025', '00000001-0000-0000-0000-000000000001', '8809123000021', '사무용 클립 50개입',      '사무용품', '통',   400,   800,   100, false, null);

-- ============================================================
-- 6. 재고
-- ============================================================
insert into inventory (product_id, business_id, warehouse_id, quantity) values
  ('00000005-0000-0000-0000-000000000001', '00000001-0000-0000-0000-000000000001', '00000003-0000-0000-0000-000000000001', 120),
  ('00000005-0000-0000-0000-000000000002', '00000001-0000-0000-0000-000000000001', '00000003-0000-0000-0000-000000000001', 380),
  ('00000005-0000-0000-0000-000000000003', '00000001-0000-0000-0000-000000000001', '00000003-0000-0000-0000-000000000001', 210),
  ('00000005-0000-0000-0000-000000000004', '00000001-0000-0000-0000-000000000001', '00000003-0000-0000-0000-000000000001', 180),
  ('00000005-0000-0000-0000-000000000005', '00000001-0000-0000-0000-000000000001', '00000003-0000-0000-0000-000000000001', 350),
  ('00000005-0000-0000-0000-000000000006', '00000001-0000-0000-0000-000000000001', '00000003-0000-0000-0000-000000000001', 45),
  ('00000005-0000-0000-0000-000000000015', '00000001-0000-0000-0000-000000000001', '00000003-0000-0000-0000-000000000001', 35),  -- 부족!
  ('00000005-0000-0000-0000-000000000016', '00000001-0000-0000-0000-000000000001', '00000003-0000-0000-0000-000000000001', 88),
  ('00000005-0000-0000-0000-000000000017', '00000001-0000-0000-0000-000000000001', '00000003-0000-0000-0000-000000000001', 72),
  ('00000005-0000-0000-0000-000000000023', '00000001-0000-0000-0000-000000000001', '00000003-0000-0000-0000-000000000001', 55),
  ('00000005-0000-0000-0000-000000000024', '00000001-0000-0000-0000-000000000001', '00000003-0000-0000-0000-000000000001', 70),
  ('00000005-0000-0000-0000-000000000025', '00000001-0000-0000-0000-000000000001', '00000003-0000-0000-0000-000000000001', 90),
  ('00000005-0000-0000-0000-000000000007', '00000001-0000-0000-0000-000000000002', '00000003-0000-0000-0000-000000000002', 230),
  ('00000005-0000-0000-0000-000000000008', '00000001-0000-0000-0000-000000000002', '00000003-0000-0000-0000-000000000002', 190),
  ('00000005-0000-0000-0000-000000000009', '00000001-0000-0000-0000-000000000002', '00000003-0000-0000-0000-000000000002', 140),
  ('00000005-0000-0000-0000-000000000010', '00000001-0000-0000-0000-000000000002', '00000003-0000-0000-0000-000000000002', 320),
  ('00000005-0000-0000-0000-000000000018', '00000001-0000-0000-0000-000000000002', '00000003-0000-0000-0000-000000000002', 180),
  ('00000005-0000-0000-0000-000000000019', '00000001-0000-0000-0000-000000000002', '00000003-0000-0000-0000-000000000002', 250),
  ('00000005-0000-0000-0000-000000000020', '00000001-0000-0000-0000-000000000002', '00000003-0000-0000-0000-000000000002', 160),
  ('00000005-0000-0000-0000-000000000021', '00000001-0000-0000-0000-000000000003', '00000003-0000-0000-0000-000000000003', 95),
  ('00000005-0000-0000-0000-000000000022', '00000001-0000-0000-0000-000000000003', '00000003-0000-0000-0000-000000000003', 130),
  ('00000005-0000-0000-0000-000000000011', '00000001-0000-0000-0000-000000000003', '00000003-0000-0000-0000-000000000003', 110),
  ('00000005-0000-0000-0000-000000000012', '00000001-0000-0000-0000-000000000003', '00000003-0000-0000-0000-000000000003', 70),
  ('00000005-0000-0000-0000-000000000013', '00000001-0000-0000-0000-000000000003', '00000003-0000-0000-0000-000000000003', 200),
  ('00000005-0000-0000-0000-000000000014', '00000001-0000-0000-0000-000000000003', '00000003-0000-0000-0000-000000000003', 15);  -- 부족!

-- ============================================================
-- 7. 매입 전표 (10건)
-- ============================================================
insert into slips (id, slip_no, slip_type, business_id, partner_id, warehouse_id, slip_date, payment_type, cash_amount, supply_amount, tax_amount, total_amount, memo, is_tax_invoice) values
  ('00000006-0000-0000-0000-000000000001', 'P-20251001-0001', 'purchase', '00000001-0000-0000-0000-000000000001', '00000004-0000-0000-0000-000000000001', '00000003-0000-0000-0000-000000000001', '2025-10-05', 'credit', 0,      720000, 72000, 792000, '모나미 볼펜 정기 발주', true),
  ('00000006-0000-0000-0000-000000000002', 'P-20251101-0001', 'purchase', '00000001-0000-0000-0000-000000000001', '00000004-0000-0000-0000-000000000005', '00000003-0000-0000-0000-000000000001', '2025-11-03', 'credit', 0,      380000, 38000, 418000, 'A4용지 보충', true),
  ('00000006-0000-0000-0000-000000000003', 'P-20251201-0001', 'purchase', '00000001-0000-0000-0000-000000000002', '00000004-0000-0000-0000-000000000003', '00000003-0000-0000-0000-000000000002', '2025-12-10', 'cash',   330000, 300000, 30000, 330000, '노트류 구매', false),
  ('00000006-0000-0000-0000-000000000004', 'P-20260101-0001', 'purchase', '00000001-0000-0000-0000-000000000001', '00000004-0000-0000-0000-000000000002', '00000003-0000-0000-0000-000000000001', '2026-01-07', 'credit', 0,      600000, 60000, 660000, '동아 필기구 발주', true),
  ('00000006-0000-0000-0000-000000000005', 'P-20260201-0001', 'purchase', '00000001-0000-0000-0000-000000000003', '00000004-0000-0000-0000-000000000004', '00000003-0000-0000-0000-000000000003', '2026-02-14', 'credit', 0,      500000, 50000, 550000, '바인더 발주', true),
  ('00000006-0000-0000-0000-000000000006', 'P-20260301-0001', 'purchase', '00000001-0000-0000-0000-000000000001', '00000004-0000-0000-0000-000000000001', '00000003-0000-0000-0000-000000000001', '2026-03-03', 'credit', 0,      864000, 86400, 950400, '볼펜 대량 발주', true),
  ('00000006-0000-0000-0000-000000000007', 'P-20260302-0001', 'purchase', '00000001-0000-0000-0000-000000000001', '00000004-0000-0000-0000-000000000005', '00000003-0000-0000-0000-000000000001', '2026-03-10', 'credit', 0,      760000, 76000, 836000, '용지 발주', true),
  ('00000006-0000-0000-0000-000000000008', 'P-20260303-0001', 'purchase', '00000001-0000-0000-0000-000000000002', '00000004-0000-0000-0000-000000000003', '00000003-0000-0000-0000-000000000002', '2026-03-15', 'cash',   220000, 200000, 20000, 220000, '스프링노트 매입', false),
  ('00000006-0000-0000-0000-000000000009', 'P-20260304-0001', 'purchase', '00000001-0000-0000-0000-000000000003', '00000004-0000-0000-0000-000000000004', '00000003-0000-0000-0000-000000000003', '2026-03-20', 'credit', 0,      420000, 42000, 462000, '파일류 발주', true),
  ('00000006-0000-0000-0000-000000000010', 'P-20260305-0001', 'purchase', '00000001-0000-0000-0000-000000000001', '00000004-0000-0000-0000-000000000002', '00000003-0000-0000-0000-000000000001', '2026-03-22', 'credit', 0,      360000, 36000, 396000, '형광펜/네임펜 발주', true);

-- ============================================================
-- 8. 매입 전표 품목
-- ============================================================
insert into slip_items (slip_id, product_id, product_name, quantity, unit_price, supply_amount, tax_amount, sort_order) values
  ('00000006-0000-0000-0000-000000000001', '00000005-0000-0000-0000-000000000001', '모나미 볼펜 153 (12자루)', 100, 7200,  720000, 72000, 0),
  ('00000006-0000-0000-0000-000000000002', '00000005-0000-0000-0000-000000000005', 'A4 복사용지 500매',       100, 3800,  380000, 38000, 0),
  ('00000006-0000-0000-0000-000000000003', '00000005-0000-0000-0000-000000000007', '스프링 노트 B5',          100, 1500,  150000, 0,     0),
  ('00000006-0000-0000-0000-000000000003', '00000005-0000-0000-0000-000000000008', '스프링 노트 A5',          100, 1200,  120000, 0,     1),
  ('00000006-0000-0000-0000-000000000003', '00000005-0000-0000-0000-000000000009', '무선 노트 A4',            15,  2000,  30000,  0,     2),
  ('00000006-0000-0000-0000-000000000004', '00000005-0000-0000-0000-000000000003', '동아 샤프 0.5mm',         200, 1200,  240000, 24000, 0),
  ('00000006-0000-0000-0000-000000000004', '00000005-0000-0000-0000-000000000004', '동아 샤프 0.7mm',         150, 1200,  180000, 18000, 1),
  ('00000006-0000-0000-0000-000000000006', '00000005-0000-0000-0000-000000000001', '모나미 볼펜 153 (12자루)', 120, 7200,  864000, 86400, 0),
  ('00000006-0000-0000-0000-000000000007', '00000005-0000-0000-0000-000000000005', 'A4 복사용지 500매',       100, 3800,  380000, 38000, 0),
  ('00000006-0000-0000-0000-000000000007', '00000005-0000-0000-0000-000000000006', 'A4 복사용지 (박스/5묶음)', 20, 18000, 360000, 36000, 1);

-- ============================================================
-- 9. 매출 전표 (30건)
-- ============================================================
insert into slips (id, slip_no, slip_type, business_id, partner_id, channel_id, warehouse_id, slip_date, payment_type, cash_amount, supply_amount, tax_amount, total_amount, memo, is_tax_invoice) values
  -- 10월
  ('00000006-0000-0000-0000-000000000011', 'S-20251001-0001', 'sale', '00000001-0000-0000-0000-000000000001', '00000004-0000-0000-0000-000000000006', '00000002-0000-0000-0000-000000000003', '00000003-0000-0000-0000-000000000001', '2025-10-07', 'credit', 0,      550000,  55000,  605000,  '서울초 납품',      true),
  ('00000006-0000-0000-0000-000000000012', 'S-20251002-0001', 'sale', '00000001-0000-0000-0000-000000000001', '00000004-0000-0000-0000-000000000011', '00000002-0000-0000-0000-000000000001', '00000003-0000-0000-0000-000000000001', '2025-10-12', 'cash',   45000,  45000,   0,      45000,   '개인 구매',        false),
  ('00000006-0000-0000-0000-000000000013', 'S-20251003-0001', 'sale', '00000001-0000-0000-0000-000000000002', '00000004-0000-0000-0000-000000000008', '00000002-0000-0000-0000-000000000003', '00000003-0000-0000-0000-000000000002', '2025-10-20', 'credit', 0,      1200000, 120000, 1320000, '삼성전자 납품',    true),
  -- 11월
  ('00000006-0000-0000-0000-000000000014', 'S-20251101-0001', 'sale', '00000001-0000-0000-0000-000000000001', '00000004-0000-0000-0000-000000000007', '00000002-0000-0000-0000-000000000003', '00000003-0000-0000-0000-000000000001', '2025-11-05', 'credit', 0,      380000,  38000,  418000,  '강남중 납품',      true),
  ('00000006-0000-0000-0000-000000000015', 'S-20251102-0001', 'sale', '00000001-0000-0000-0000-000000000003', null,                                  '00000002-0000-0000-0000-000000000001', '00000003-0000-0000-0000-000000000003', '2025-11-10', 'credit', 0,      280000,  0,      280000,  '네이버 주문',      false),
  ('00000006-0000-0000-0000-000000000016', 'S-20251103-0001', 'sale', '00000001-0000-0000-0000-000000000003', null,                                  '00000002-0000-0000-0000-000000000002', '00000003-0000-0000-0000-000000000003', '2025-11-15', 'credit', 0,      165000,  0,      165000,  '쿠팡 주문',        false),
  ('00000006-0000-0000-0000-000000000017', 'S-20251104-0001', 'sale', '00000001-0000-0000-0000-000000000001', '00000004-0000-0000-0000-000000000009', '00000002-0000-0000-0000-000000000003', '00000003-0000-0000-0000-000000000001', '2025-11-22', 'credit', 0,      900000,  90000,  990000,  '현대카드 납품',    true),
  ('00000006-0000-0000-0000-000000000018', 'S-20251105-0001', 'sale', '00000001-0000-0000-0000-000000000001', '00000004-0000-0000-0000-000000000012', '00000002-0000-0000-0000-000000000003', '00000003-0000-0000-0000-000000000001', '2025-11-28', 'cash',   264000, 240000,  24000,  264000,  '이영희 문구점',    true),
  -- 12월
  ('00000006-0000-0000-0000-000000000019', 'S-20251201-0001', 'sale', '00000001-0000-0000-0000-000000000001', '00000004-0000-0000-0000-000000000014', '00000002-0000-0000-0000-000000000003', '00000003-0000-0000-0000-000000000001', '2025-12-03', 'credit', 0,      1500000, 150000, 1650000, '연세대 생협',      true),
  ('00000006-0000-0000-0000-000000000020', 'S-20251202-0001', 'sale', '00000001-0000-0000-0000-000000000002', '00000004-0000-0000-0000-000000000015', '00000002-0000-0000-0000-000000000003', '00000003-0000-0000-0000-000000000002', '2025-12-10', 'credit', 0,      1200000, 120000, 1320000, '고려대 서점',      true),
  ('00000006-0000-0000-0000-000000000021', 'S-20251203-0001', 'sale', '00000001-0000-0000-0000-000000000003', null,                                  '00000002-0000-0000-0000-000000000001', '00000003-0000-0000-0000-000000000003', '2025-12-15', 'credit', 0,      520000,  0,      520000,  '네이버 연말 특수', false),
  ('00000006-0000-0000-0000-000000000022', 'S-20251204-0001', 'sale', '00000001-0000-0000-0000-000000000003', null,                                  '00000002-0000-0000-0000-000000000002', '00000003-0000-0000-0000-000000000003', '2025-12-20', 'credit', 0,      380000,  0,      380000,  '쿠팡 연말 특수',   false),
  ('00000006-0000-0000-0000-000000000023', 'S-20251205-0001', 'sale', '00000001-0000-0000-0000-000000000001', '00000004-0000-0000-0000-000000000010', '00000002-0000-0000-0000-000000000003', '00000003-0000-0000-0000-000000000001', '2025-12-22', 'credit', 0,      800000,  80000,  880000,  '스타벅스 납품',    true),
  -- 1월
  ('00000006-0000-0000-0000-000000000024', 'S-20260101-0001', 'sale', '00000001-0000-0000-0000-000000000001', '00000004-0000-0000-0000-000000000006', '00000002-0000-0000-0000-000000000003', '00000003-0000-0000-0000-000000000001', '2026-01-08', 'credit', 0,      650000,  65000,  715000,  '서울초 1학기',     true),
  ('00000006-0000-0000-0000-000000000025', 'S-20260102-0001', 'sale', '00000001-0000-0000-0000-000000000002', '00000004-0000-0000-0000-000000000007', '00000002-0000-0000-0000-000000000003', '00000003-0000-0000-0000-000000000002', '2026-01-15', 'credit', 0,      480000,  48000,  528000,  '강남중 1학기',     true),
  ('00000006-0000-0000-0000-000000000026', 'S-20260103-0001', 'sale', '00000001-0000-0000-0000-000000000003', null,                                  '00000002-0000-0000-0000-000000000001', '00000003-0000-0000-0000-000000000003', '2026-01-20', 'credit', 0,      340000,  0,      340000,  '네이버 주문',      false),
  ('00000006-0000-0000-0000-000000000027', 'S-20260104-0001', 'sale', '00000001-0000-0000-0000-000000000001', '00000004-0000-0000-0000-000000000013', '00000002-0000-0000-0000-000000000003', '00000003-0000-0000-0000-000000000001', '2026-01-25', 'cash',   198000, 180000,  18000,  198000,  '박민준 사무실',    true),
  -- 2월
  ('00000006-0000-0000-0000-000000000028', 'S-20260201-0001', 'sale', '00000001-0000-0000-0000-000000000001', '00000004-0000-0000-0000-000000000008', '00000002-0000-0000-0000-000000000003', '00000003-0000-0000-0000-000000000001', '2026-02-05', 'credit', 0,      1800000, 180000, 1980000, '삼성전자 2월',     true),
  ('00000006-0000-0000-0000-000000000029', 'S-20260202-0001', 'sale', '00000001-0000-0000-0000-000000000003', null,                                  '00000002-0000-0000-0000-000000000001', '00000003-0000-0000-0000-000000000003', '2026-02-10', 'credit', 0,      420000,  0,      420000,  '네이버 주문',      false),
  ('00000006-0000-0000-0000-000000000030', 'S-20260203-0001', 'sale', '00000001-0000-0000-0000-000000000003', null,                                  '00000002-0000-0000-0000-000000000002', '00000003-0000-0000-0000-000000000003', '2026-02-14', 'credit', 0,      280000,  0,      280000,  '쿠팡 주문',        false),
  ('00000006-0000-0000-0000-000000000031', 'S-20260204-0001', 'sale', '00000001-0000-0000-0000-000000000002', '00000004-0000-0000-0000-000000000014', '00000002-0000-0000-0000-000000000003', '00000003-0000-0000-0000-000000000002', '2026-02-20', 'credit', 0,      950000,  95000,  1045000, '연세대 생협',      true),
  -- 3월
  ('00000006-0000-0000-0000-000000000032', 'S-20260301-0001', 'sale', '00000001-0000-0000-0000-000000000001', '00000004-0000-0000-0000-000000000006', '00000002-0000-0000-0000-000000000003', '00000003-0000-0000-0000-000000000001', '2026-03-02', 'credit', 0,      820000,  82000,  902000,  '서울초 3월',       true),
  ('00000006-0000-0000-0000-000000000033', 'S-20260302-0001', 'sale', '00000001-0000-0000-0000-000000000001', '00000004-0000-0000-0000-000000000007', '00000002-0000-0000-0000-000000000003', '00000003-0000-0000-0000-000000000001', '2026-03-05', 'credit', 0,      560000,  56000,  616000,  '강남중 3월',       true),
  ('00000006-0000-0000-0000-000000000034', 'S-20260303-0001', 'sale', '00000001-0000-0000-0000-000000000003', null,                                  '00000002-0000-0000-0000-000000000001', '00000003-0000-0000-0000-000000000003', '2026-03-08', 'credit', 0,      680000,  0,      680000,  '네이버 3월 주문',  false),
  ('00000006-0000-0000-0000-000000000035', 'S-20260304-0001', 'sale', '00000001-0000-0000-0000-000000000003', null,                                  '00000002-0000-0000-0000-000000000002', '00000003-0000-0000-0000-000000000003', '2026-03-10', 'credit', 0,      450000,  0,      450000,  '쿠팡 3월 주문',    false),
  ('00000006-0000-0000-0000-000000000036', 'S-20260305-0001', 'sale', '00000001-0000-0000-0000-000000000001', '00000004-0000-0000-0000-000000000009', '00000002-0000-0000-0000-000000000003', '00000003-0000-0000-0000-000000000001', '2026-03-12', 'credit', 0,      1100000, 110000, 1210000, '현대카드 납품',    true),
  ('00000006-0000-0000-0000-000000000037', 'S-20260306-0001', 'sale', '00000001-0000-0000-0000-000000000002', '00000004-0000-0000-0000-000000000015', '00000002-0000-0000-0000-000000000003', '00000003-0000-0000-0000-000000000002', '2026-03-15', 'credit', 0,      780000,  78000,  858000,  '고려대 서점',      true),
  ('00000006-0000-0000-0000-000000000038', 'S-20260307-0001', 'sale', '00000001-0000-0000-0000-000000000001', '00000004-0000-0000-0000-000000000012', '00000002-0000-0000-0000-000000000003', '00000003-0000-0000-0000-000000000001', '2026-03-18', 'cash',   132000, 120000,  12000,  132000,  '이영희 문구점',    true),
  ('00000006-0000-0000-0000-000000000039', 'S-20260308-0001', 'sale', '00000001-0000-0000-0000-000000000003', null,                                  '00000002-0000-0000-0000-000000000001', '00000003-0000-0000-0000-000000000003', '2026-03-20', 'credit', 0,      390000,  0,      390000,  '네이버 주문',      false),
  ('00000006-0000-0000-0000-000000000040', 'S-20260309-0001', 'sale', '00000001-0000-0000-0000-000000000001', '00000004-0000-0000-0000-000000000013', '00000002-0000-0000-0000-000000000003', '00000003-0000-0000-0000-000000000001', '2026-03-24', 'cash',   88000,  80000,   8000,   88000,   '박민준 사무실',    true);

-- ============================================================
-- 10. 매출 전표 품목
-- ============================================================
insert into slip_items (slip_id, product_id, product_name, quantity, unit_price, supply_amount, tax_amount, sort_order) values
  ('00000006-0000-0000-0000-000000000011', '00000005-0000-0000-0000-000000000001', '모나미 볼펜 153 (12자루)', 30,  9900,  297000, 29700, 0),
  ('00000006-0000-0000-0000-000000000011', '00000005-0000-0000-0000-000000000005', 'A4 복사용지 500매',       46,  5500,  253000, 25300, 1),
  ('00000006-0000-0000-0000-000000000013', '00000005-0000-0000-0000-000000000005', 'A4 복사용지 500매',       100, 5500,  550000, 55000, 0),
  ('00000006-0000-0000-0000-000000000013', '00000005-0000-0000-0000-000000000006', 'A4 복사용지 (박스/5묶음)', 20, 25000, 500000, 50000, 1),
  ('00000006-0000-0000-0000-000000000013', '00000005-0000-0000-0000-000000000015', '스테이플러 중형',          20, 5500,  110000, 11000, 2),
  ('00000006-0000-0000-0000-000000000014', '00000005-0000-0000-0000-000000000007', '스프링 노트 B5',           80, 2500,  200000, 20000, 0),
  ('00000006-0000-0000-0000-000000000014', '00000005-0000-0000-0000-000000000008', '스프링 노트 A5',           60, 2000,  120000, 12000, 1),
  ('00000006-0000-0000-0000-000000000014', '00000005-0000-0000-0000-000000000013', '클리어파일 20매',          30, 1800,  54000,  5400,  2),
  ('00000006-0000-0000-0000-000000000019', '00000005-0000-0000-0000-000000000001', '모나미 볼펜 153 (12자루)', 50, 9900,  495000, 49500, 0),
  ('00000006-0000-0000-0000-000000000019', '00000005-0000-0000-0000-000000000005', 'A4 복사용지 500매',       100, 5500,  550000, 55000, 1),
  ('00000006-0000-0000-0000-000000000019', '00000005-0000-0000-0000-000000000011', '2공 바인더 A4',            50, 4000,  200000, 20000, 2),
  ('00000006-0000-0000-0000-000000000019', '00000005-0000-0000-0000-000000000017', '가위 사무용 중형',         20, 2800,  56000,  5600,  3),
  ('00000006-0000-0000-0000-000000000032', '00000005-0000-0000-0000-000000000001', '모나미 볼펜 153 (12자루)', 40, 9900,  396000, 39600, 0),
  ('00000006-0000-0000-0000-000000000032', '00000005-0000-0000-0000-000000000003', '동아 샤프 0.5mm',          80, 1800,  144000, 14400, 1),
  ('00000006-0000-0000-0000-000000000032', '00000005-0000-0000-0000-000000000021', '형광펜 세트 5색',          40, 3500,  140000, 14000, 2),
  ('00000006-0000-0000-0000-000000000036', '00000005-0000-0000-0000-000000000005', 'A4 복사용지 500매',       100, 5500,  550000, 55000, 0),
  ('00000006-0000-0000-0000-000000000036', '00000005-0000-0000-0000-000000000006', 'A4 복사용지 (박스/5묶음)', 15, 25000, 375000, 37500, 1),
  ('00000006-0000-0000-0000-000000000036', '00000005-0000-0000-0000-000000000015', '스테이플러 중형',          10, 5500,  55000,  5500,  2),
  ('00000006-0000-0000-0000-000000000036', '00000005-0000-0000-0000-000000000025', '사무용 클립 50개입',       25, 800,   20000,  2000,  3),
  ('00000006-0000-0000-0000-000000000036', '00000005-0000-0000-0000-000000000024', '수정테이프 5mm',           30, 2200,  66000,  6600,  4);

-- ============================================================
-- 11. 현금 출납 (20건)
-- ============================================================
insert into cash_book (business_id, cash_type, amount, category, description, cash_date) values
  ('00000001-0000-0000-0000-000000000001', 'in',  45000,  '판매대금', '김철수 현금 구매',          '2025-10-12'),
  ('00000001-0000-0000-0000-000000000001', 'out', 50000,  '운송비',   '택배 발송 비용',            '2025-10-15'),
  ('00000001-0000-0000-0000-000000000001', 'out', 330000, '매입대금', '파일론 문구 현금 결제',     '2025-12-10'),
  ('00000001-0000-0000-0000-000000000001', 'in',  264000, '판매대금', '이영희 문구점 현금 수령',   '2025-11-28'),
  ('00000001-0000-0000-0000-000000000001', 'out', 80000,  '포장비',   '포장재 구입',               '2026-01-10'),
  ('00000001-0000-0000-0000-000000000001', 'in',  198000, '판매대금', '박민준 사무실 현금 수령',   '2026-01-25'),
  ('00000001-0000-0000-0000-000000000001', 'out', 120000, '공과금',   '전기요금',                  '2026-02-10'),
  ('00000001-0000-0000-0000-000000000001', 'out', 500000, '임차료',   '2월 창고 임차료',           '2026-02-01'),
  ('00000001-0000-0000-0000-000000000001', 'in',  132000, '판매대금', '이영희 문구점 현금',        '2026-03-18'),
  ('00000001-0000-0000-0000-000000000001', 'in',  88000,  '판매대금', '박민준 사무실 현금',        '2026-03-24'),
  ('00000001-0000-0000-0000-000000000001', 'out', 500000, '임차료',   '3월 창고 임차료',           '2026-03-01'),
  ('00000001-0000-0000-0000-000000000001', 'out', 70000,  '운송비',   '3월 택배비',                '2026-03-20'),
  ('00000001-0000-0000-0000-000000000002', 'out', 220000, '매입대금', '파일론 현금 결제',          '2025-12-10'),
  ('00000001-0000-0000-0000-000000000002', 'out', 300000, '임차료',   '강남점 월 임차료',          '2026-01-01'),
  ('00000001-0000-0000-0000-000000000002', 'out', 300000, '임차료',   '강남점 월 임차료',          '2026-02-01'),
  ('00000001-0000-0000-0000-000000000002', 'out', 300000, '임차료',   '강남점 월 임차료',          '2026-03-01'),
  ('00000001-0000-0000-0000-000000000003', 'out', 800000, '임차료',   '물류센터 임차료',           '2026-01-01'),
  ('00000001-0000-0000-0000-000000000003', 'out', 800000, '임차료',   '물류센터 임차료',           '2026-02-01'),
  ('00000001-0000-0000-0000-000000000003', 'out', 800000, '임차료',   '물류센터 임차료',           '2026-03-01'),
  ('00000001-0000-0000-0000-000000000003', 'out', 150000, '인건비',   '아르바이트 일당',           '2026-03-15');

-- ============================================================
-- 결과 확인
-- ============================================================
select
  (select count(*) from businesses)  as 사업자,
  (select count(*) from channels)    as 채널,
  (select count(*) from warehouses)  as 창고,
  (select count(*) from partners)    as 거래처,
  (select count(*) from products)    as 상품,
  (select count(*) from inventory)   as 재고항목,
  (select count(*) from slips)       as 전표,
  (select count(*) from slip_items)  as 전표품목,
  (select count(*) from cash_book)   as 현금출납;
